id,state_id,abbr,name,county_seat
1,1,013,Aleutians East,
2,1,016,Aleutians West (CA),
3,1,020,Anchorage Municipality,
4,1,050,Bethel Census Area,
5,1,060,Bristol Bay,
6,1,068,Denali,
7,1,070,Dillingham (CA),
8,1,090,Fairbanks North Star,
9,1,100,Haines,
10,1,110,Juneau City and Borough,
11,1,122,Kenai Peninsula,
12,1,130,Ketchikan Gateway,
13,1,150,Kodiak Island,
14,1,158,Kusilvak,
15,1,164,Lake and Peninsula,
16,1,170,Matanuska-Susitna Borough,
17,1,180,Nome (CA),
18,1,185,North Slope,
19,1,188,Northwest Arctic,
20,1,198,Prince of Wales-Hyder,
21,1,220,Sitka City and Borough,
22,1,232,Skagway-Hoonah-Angoon,
23,1,240,Southeast Fairbanks Census Area,
24,1,261,Valdez-Cordova (CA),
25,1,280,Wrangell-Petersburg (C,
26,1,290,Yukon-Koyukuk (CA),
27,2,001,Autauga,
28,2,003,Baldwin,
29,2,005,Barbour,
30,2,007,Bibb,
31,2,009,Blount,
32,2,011,Bullock,
33,2,013,Butler,
34,2,015,Calhoun,
35,2,017,Chambers,
36,2,019,Cherokee,
37,2,021,Chilton,
38,2,023,Choctaw,
39,2,025,Clarke,
40,2,027,Clay,
41,2,029,Cleburne,
42,2,031,Coffee,
43,2,033,Colbert,
44,2,035,Conecuh,
45,2,037,Coosa,
46,2,039,Covington,
47,2,041,Crenshaw,
48,2,043,Cullman,
49,2,045,Dale,
50,2,047,Dallas,
51,2,049,DeKalb,
52,2,051,Elmore,
53,2,053,Escambia,
54,2,055,Etowah,
55,2,057,Fayette,
56,2,059,Franklin,
57,2,061,Geneva,
58,2,063,Greene,
59,2,065,Hale,
60,2,067,Henry,
61,2,069,Houston,
62,2,071,Jackson,
63,2,073,Jefferson,
64,2,075,Lamar,
65,2,077,Lauderdale,
66,2,079,Lawrence,
67,2,081,Lee,
68,2,083,Limestone,
69,2,085,Lowndes,
70,2,087,Macon,
71,2,089,Madison,
72,2,091,Marengo,
73,2,093,Marion,
74,2,095,Marshall,
75,2,097,Mobile,
76,2,099,Monroe,
77,2,101,Montgomery,
78,2,103,Morgan,
79,2,105,Perry,
80,2,107,Pickens,
81,2,109,Pike,
82,2,111,Randolph,
83,2,113,Russell,
84,2,115,St. Clair,
85,2,117,Shelby,
86,2,119,Sumter,
87,2,121,Talladega,
88,2,123,Tallapoosa,
89,2,125,Tuscaloosa,
90,2,127,Walker,
91,2,129,Washington,
92,2,131,Wilcox,
93,2,133,Winston,
94,3,001,Arkansas,
95,3,003,Ashley,
96,3,005,Baxter,
97,3,007,Benton,
98,3,009,Boone,
99,3,011,Bradley,
100,3,013,Calhoun,
101,3,015,Carroll,
102,3,017,Chicot,
103,3,019,Clark,
104,3,021,Clay,
105,3,023,Cleburne,
106,3,025,Cleveland,
107,3,027,Columbia,
108,3,029,Conway,
109,3,031,Craighead,
110,3,033,Crawford,
111,3,035,Crittenden,
112,3,037,Cross,
113,3,039,Dallas,
114,3,041,Desha,
115,3,043,Drew,
116,3,045,Faulkner,
117,3,047,Franklin,
118,3,049,Fulton,
119,3,051,Garland,
120,3,053,Grant,
121,3,055,Greene,
122,3,057,Hempstead,
123,3,059,Hot Spring,
124,3,061,Howard,
125,3,063,Independence,
126,3,065,Izard,
127,3,067,Jackson,
128,3,069,Jefferson,
129,3,071,Johnson,
130,3,073,Lafayette,
131,3,075,Lawrence,
132,3,077,Lee,
133,3,079,Lincoln,
134,3,081,Little River,
135,3,083,Logan,
136,3,085,Lonoke,
137,3,087,Madison,
138,3,089,Marion,
139,3,091,Miller,
140,3,093,Mississippi,
141,3,095,Monroe,
142,3,097,Montgomery,
143,3,099,Nevada,
144,3,101,Newton,
145,3,103,Ouachita,
146,3,105,Perry,
147,3,107,Phillips,
148,3,109,Pike,
149,3,111,Poinsett,
150,3,113,Polk,
151,3,115,Pope,
152,3,117,Prairie,
153,3,119,Pulaski,
154,3,121,Randolph,
155,3,123,St. Francis,
156,3,125,Saline,
157,3,127,Scott,
158,3,129,Searcy,
159,3,131,Sebastian,
160,3,133,Sevier,
161,3,135,Sharp,
162,3,137,Stone,
163,3,139,Union,
164,3,141,Van Buren,
165,3,143,Washington,
166,3,145,White,
167,3,147,Woodruff,
168,3,149,Yell,
169,4,001,Apache,
170,4,003,Cochise,
171,4,005,Coconino,
172,4,007,Gila,
173,4,009,Graham,
174,4,011,Greenlee,
175,4,012,La Paz,
176,4,013,Maricopa,
177,4,015,Mohave,
178,4,017,Navajo,
179,4,019,Pima,
180,4,021,Pinal,
181,4,023,Santa Cruz,
182,4,025,Yavapai,
183,4,027,Yuma,
184,5,001,Alameda,
185,5,003,Alpine,
186,5,005,Amador,
187,5,007,Butte,
188,5,009,Calaveras,
189,5,011,Colusa,
190,5,013,Contra Costa,
191,5,015,Del Norte,
192,5,017,El Dorado,
193,5,019,Fresno,
194,5,021,Glenn,
195,5,023,Humboldt,
196,5,025,Imperial,
197,5,027,Inyo,
198,5,029,Kern,
199,5,031,Kings,
200,5,033,Lake,
201,5,035,Lassen,
202,5,037,Los Angeles,
203,5,039,Madera,
204,5,041,Marin,
205,5,043,Mariposa,
206,5,045,Mendocino,
207,5,047,Merced,
208,5,049,Modoc,
209,5,051,Mono,
210,5,053,Monterey,
211,5,055,Napa,
212,5,057,Nevada,
213,5,059,Orange,
214,5,061,Placer,
215,5,063,Plumas,
216,5,065,Riverside,
217,5,067,Sacramento,
218,5,069,San Benito,
219,5,071,San Bernardino,
220,5,073,San Diego,
221,5,075,City and County of San Francisco,
222,5,077,San Joaquin,
223,5,079,San Luis Obispo,
224,5,081,San Mateo,
225,5,083,Santa Barbara,
226,5,085,Santa Clara,
227,5,087,Santa Cruz,
228,5,089,Shasta,
229,5,091,Sierra,
230,5,093,Siskiyou,
231,5,095,Solano,
232,5,097,Sonoma,
233,5,099,Stanislaus,
234,5,101,Sutter,
235,5,103,Tehama,
236,5,105,Trinity,
237,5,107,Tulare,
238,5,109,Tuolumne,
239,5,111,Ventura,
240,5,113,Yolo,
241,5,115,Yuba,
242,6,001,Adams,
243,6,003,Alamosa,
244,6,005,Arapahoe,
245,6,007,Archuleta,
246,6,009,Baca,
247,6,011,Bent,
248,6,013,Boulder,
249,6,014,Broomfield,
250,6,015,Chaffee,
251,6,017,Cheyenne,
252,6,019,Clear Creek,
253,6,021,Conejos,
254,6,023,Costilla,
255,6,025,Crowley,
256,6,027,Custer,
257,6,029,Delta,
258,6,031,Denver,
259,6,033,Dolores,
260,6,035,Douglas,
261,6,037,Eagle,
262,6,039,Elbert,
263,6,041,El Paso,
264,6,043,Fremont,
265,6,045,Garfield,
266,6,047,Gilpin,
267,6,049,Grand,
268,6,051,Gunnison,
269,6,053,Hinsdale,
270,6,055,Huerfano,
271,6,057,Jackson,
272,6,059,Jefferson,
273,6,061,Kiowa,
274,6,063,Kit Carson,
275,6,065,Lake,
276,6,067,La Plata,
277,6,069,Larimer,
278,6,071,Las Animas,
279,6,073,Lincoln,
280,6,075,Logan,
281,6,077,Mesa,
282,6,079,Mineral,
283,6,081,Moffat,
284,6,083,Montezuma,
285,6,085,Montrose,
286,6,087,Morgan,
287,6,089,Otero,
288,6,091,Ouray,
289,6,093,Park,
290,6,095,Phillips,
291,6,097,Pitkin,
292,6,099,Prowers,
293,6,101,Pueblo,
294,6,103,Rio Blanco,
295,6,105,Rio Grande,
296,6,107,Routt,
297,6,109,Saguache,
298,6,111,San Juan,
299,6,113,San Miguel,
300,6,115,Sedgwick,
301,6,117,Summit,
302,6,119,Teller,
303,6,121,Washington,
304,6,123,Weld,
305,6,125,Yuma,
306,7,001,Fairfield,
307,7,003,Hartford,
308,7,005,Litchfield,
309,7,007,Middlesex,
310,7,009,New Haven,
311,7,011,New London,
312,7,013,Tolland,
313,7,015,Windham,
314,8,001,District of Columbia,
315,9,001,Kent,
316,9,003,New Castle,
317,9,005,Sussex,
318,10,001,Alachua,
319,10,003,Baker,
320,10,005,Bay,
321,10,007,Bradford,
322,10,009,Brevard,
323,10,011,Broward,
324,10,013,Calhoun,
325,10,015,Charlotte,
326,10,017,Citrus,
327,10,019,Clay,
328,10,021,Collier,
329,10,023,Columbia,
330,10,027,DeSoto,
331,10,029,Dixie,
332,10,031,Duval,
333,10,033,Escambia,
334,10,035,Flagler,
335,10,037,Franklin,
336,10,039,Gadsden,
337,10,041,Gilchrist,
338,10,043,Glades,
339,10,045,Gulf,
340,10,047,Hamilton,
341,10,049,Hardee,
342,10,051,Hendry,
343,10,053,Hernando,
344,10,055,Highlands,
345,10,057,Hillsborough,
346,10,059,Holmes,
347,10,061,Indian River,
348,10,063,Jackson,
349,10,065,Jefferson,
350,10,067,Lafayette,
351,10,069,Lake,
352,10,071,Lee,
353,10,073,Leon,
354,10,075,Levy,
355,10,077,Liberty,
356,10,079,Madison,
357,10,081,Manatee,
358,10,083,Marion,
359,10,085,Martin,
360,10,086,Miami-Dade,
361,10,087,Monroe,
362,10,089,Nassau,
363,10,091,Okaloosa,
364,10,093,Okeechobee,
365,10,095,Orange,
366,10,097,Osceola,
367,10,099,Palm Beach,
368,10,101,Pasco,
369,10,103,Pinellas,
370,10,105,Polk,
371,10,107,Putnam,
372,10,109,Saint Johns,
373,10,111,St. Lucie,
374,10,113,Santa Rosa,
375,10,115,Sarasota,
376,10,117,Seminole,
377,10,119,Sumter,
378,10,121,Suwannee,
379,10,123,Taylor,
380,10,125,Union,
381,10,127,Volusia,
382,10,129,Wakulla,
383,10,131,Walton,
384,10,133,Washington,
385,11,001,Appling,
386,11,003,Atkinson,
387,11,005,Bacon,
388,11,007,Baker,
389,11,009,Baldwin,
390,11,011,Banks,
391,11,013,Barrow,
392,11,015,Bartow,
393,11,017,Ben Hill,
394,11,019,Berrien,
395,11,021,Bibb,
396,11,023,Bleckley,
397,11,025,Brantley,
398,11,027,Brooks,
399,11,029,Bryan,
400,11,031,Bulloch,
401,11,033,Burke,
402,11,035,Butts,
403,11,037,Calhoun,
404,11,039,Camden,
405,11,043,Candler,
406,11,045,Carroll,
407,11,047,Catoosa,
408,11,049,Charlton,
409,11,051,Chatham,
410,11,053,Chattahoochee,
411,11,055,Chattooga,
412,11,057,Cherokee,
413,11,059,Clarke,
414,11,061,Clay,
415,11,063,Clayton,
416,11,065,Clinch,
417,11,067,Cobb,
418,11,069,Coffee,
419,11,071,Colquitt,
420,11,073,Columbia,
421,11,075,Cook,
422,11,077,Coweta,
423,11,079,Crawford,
424,11,081,Crisp,
425,11,083,Dade,
426,11,085,Dawson,
427,11,087,Decatur,
428,11,089,DeKalb,
429,11,091,Dodge,
430,11,093,Dooly,
431,11,095,Dougherty,
432,11,097,Douglas,
433,11,099,Early,
434,11,101,Echols,
435,11,103,Effingham,
436,11,105,Elbert,
437,11,107,Emanuel,
438,11,109,Evans,
439,11,111,Fannin,
440,11,113,Fayette,
441,11,115,Floyd,
442,11,117,Forsyth,
443,11,119,Franklin,
444,11,121,Fulton,
445,11,123,Gilmer,
446,11,125,Glascock,
447,11,127,Glynn,
448,11,129,Gordon,
449,11,131,Grady,
450,11,133,Greene,
451,11,135,Gwinnett,
452,11,137,Habersham,
453,11,139,Hall,
454,11,141,Hancock,
455,11,143,Haralson,
456,11,145,Harris,
457,11,147,Hart,
458,11,149,Heard,
459,11,151,Henry,
460,11,153,Houston,
461,11,155,Irwin,
462,11,157,Jackson,
463,11,159,Jasper,
464,11,161,Jeff Davis,
465,11,163,Jefferson,
466,11,165,Jenkins,
467,11,167,Johnson,
468,11,169,Jones,
469,11,171,Lamar,
470,11,173,Lanier,
471,11,175,Laurens,
472,11,177,Lee,
473,11,179,Liberty,
474,11,181,Lincoln,
475,11,183,Long,
476,11,185,Lowndes,
477,11,187,Lumpkin,
478,11,189,McDuffie,
479,11,191,McIntosh,
480,11,193,Macon,
481,11,195,Madison,
482,11,197,Marion,
483,11,199,Meriwether,
484,11,201,Miller,
485,11,205,Mitchell,
486,11,207,Monroe,
487,11,209,Montgomery,
488,11,211,Morgan,
489,11,213,Murray,
490,11,215,Muscogee,
491,11,217,Newton,
492,11,219,Oconee,
493,11,221,Oglethorpe,
494,11,223,Paulding,
495,11,225,Peach,
496,11,227,Pickens,
497,11,229,Pierce,
498,11,231,Pike,
499,11,233,Polk,
500,11,235,Pulaski,
501,11,237,Putnam,
502,11,241,Rabun,
503,11,245,Richmond,
504,11,247,Rockdale,
505,11,249,Schley,
506,11,251,Screven,
507,11,253,Seminole,
508,11,255,Spalding,
509,11,257,Stephens,
510,11,259,Stewart,
511,11,261,Sumter,
512,11,263,Talbot,
513,11,265,Taliaferro,
514,11,267,Tattnall,
515,11,269,Taylor,
516,11,271,Telfair,
517,11,273,Terrell,
518,11,275,Thomas,
519,11,277,Tift,
520,11,279,Toombs,
521,11,281,Towns,
522,11,283,Treutlen,
523,11,285,Troup,
524,11,287,Turner,
525,11,289,Twiggs,
526,11,291,Union,
527,11,293,Upson,
528,11,295,Walker,
529,11,297,Walton,
530,11,299,Ware,
531,11,301,Warren,
532,11,303,Washington,
533,11,305,Wayne,
534,11,307,Webster,
535,11,309,Wheeler,
536,11,311,White,
537,11,313,Whitfield,
538,11,315,Wilcox,
539,11,317,Wilkes,
540,11,319,Wilkinson,
541,11,321,Worth,
542,12,001,Hawaii,
543,12,003,Honolulu,
544,12,007,Kauai,
545,12,009,Maui,
546,13,001,Adair,
547,13,003,Adams,
548,13,005,Allamakee,
549,13,007,Appanoose,
550,13,009,Audubon,
551,13,011,Benton,
552,13,013,Black Hawk,
553,13,015,Boone,
554,13,017,Bremer,
555,13,019,Buchanan,
556,13,021,Buena Vista,
557,13,023,Butler,
558,13,025,Calhoun,
559,13,027,Carroll,
560,13,029,Cass,
561,13,031,Cedar,
562,13,033,Cerro Gordo,
563,13,035,Cherokee,
564,13,037,Chickasaw,
565,13,039,Clarke,
566,13,041,Clay,
567,13,043,Clayton,
568,13,045,Clinton,
569,13,047,Crawford,
570,13,049,Dallas,
571,13,051,Davis,
572,13,053,Decatur,
573,13,055,Delaware,
574,13,057,Des Moines,
575,13,059,Dickinson,
576,13,061,Dubuque,
577,13,063,Emmet,
578,13,065,Fayette,
579,13,067,Floyd,
580,13,069,Franklin,
581,13,071,Fremont,
582,13,073,Greene,
583,13,075,Grundy,
584,13,077,Guthrie,
585,13,079,Hamilton,
586,13,081,Hancock,
587,13,083,Hardin,
588,13,085,Harrison,
589,13,087,Henry,
590,13,089,Howard,
591,13,091,Humboldt,
592,13,093,Ida,
593,13,095,Iowa,
594,13,097,Jackson,
595,13,099,Jasper,
596,13,101,Jefferson,
597,13,103,Johnson,
598,13,105,Jones,
599,13,107,Keokuk,
600,13,109,Kossuth,
601,13,111,Lee,
602,13,113,Linn,
603,13,115,Louisa,
604,13,117,Lucas,
605,13,119,Lyon,
606,13,121,Madison,
607,13,123,Mahaska,
608,13,125,Marion,
609,13,127,Marshall,
610,13,129,Mills,
611,13,131,Mitchell,
612,13,133,Monona,
613,13,135,Monroe,
614,13,137,Montgomery,
615,13,139,Muscatine,
616,13,141,O'Brien,
617,13,143,Osceola,
618,13,145,Page,
619,13,147,Palo Alto,
620,13,149,Plymouth,
621,13,151,Pocahontas,
622,13,153,Polk,
623,13,155,Pottawattamie,
624,13,157,Poweshiek,
625,13,159,Ringgold,
626,13,161,Sac,
627,13,163,Scott,
628,13,165,Shelby,
629,13,167,Sioux,
630,13,169,Story,
631,13,171,Tama,
632,13,173,Taylor,
633,13,175,Union,
634,13,177,Van Buren,
635,13,179,Wapello,
636,13,181,Warren,
637,13,183,Washington,
638,13,185,Wayne,
639,13,187,Webster,
640,13,189,Winnebago,
641,13,191,Winneshiek,
642,13,193,Woodbury,
643,13,195,Worth,
644,13,197,Wright,
645,14,001,Ada,
646,14,003,Adams,
647,14,005,Bannock,
648,14,007,Bear Lake,
649,14,009,Benewah,
650,14,011,Bingham,
651,14,013,Blaine,
652,14,015,Boise,
653,14,017,Bonner,
654,14,019,Bonneville,
655,14,021,Boundary,
656,14,023,Butte,
657,14,025,Camas,
658,14,027,Canyon,
659,14,029,Caribou,
660,14,031,Cassia,
661,14,033,Clark,
662,14,035,Clearwater,
663,14,037,Custer,
664,14,039,Elmore,
665,14,041,Franklin,
666,14,043,Fremont,
667,14,045,Gem,
668,14,047,Gooding,
669,14,049,Idaho,
670,14,051,Jefferson,
671,14,053,Jerome,
672,14,055,Kootenai,
673,14,057,Latah,
674,14,059,Lemhi,
675,14,061,Lewis,
676,14,063,Lincoln,
677,14,065,Madison,
678,14,067,Minidoka,
679,14,069,Nez Perce,
680,14,071,Oneida,
681,14,073,Owyhee,
682,14,075,Payette,
683,14,077,Power,
684,14,079,Shoshone,
685,14,081,Teton,
686,14,083,Twin Falls,
687,14,085,Valley,
688,14,087,Washington,
689,15,001,Adams,
690,15,003,Alexander,
691,15,005,Bond,
692,15,007,Boone,
693,15,009,Brown,
694,15,011,Bureau,
695,15,013,Calhoun,
696,15,015,Carroll,
697,15,017,Cass,
698,15,019,Champaign,
699,15,021,Christian,
700,15,023,Clark,
701,15,025,Clay,
702,15,027,Clinton,
703,15,029,Coles,
704,15,031,Cook,
705,15,033,Crawford,
706,15,035,Cumberland,
707,15,037,DeKalb,
708,15,039,De Witt,
709,15,041,Douglas,
710,15,043,DuPage,
711,15,045,Edgar,
712,15,047,Edwards,
713,15,049,Effingham,
714,15,051,Fayette,
715,15,053,Ford,
716,15,055,Franklin,
717,15,057,Fulton,
718,15,059,Gallatin,
719,15,061,Greene,
720,15,063,Grundy,
721,15,065,Hamilton,
722,15,067,Hancock,
723,15,069,Hardin,
724,15,071,Henderson,
725,15,073,Henry,
726,15,075,Iroquois,
727,15,077,Jackson,
728,15,079,Jasper,
729,15,081,Jefferson,
730,15,083,Jersey,
731,15,085,Jo Daviess,
732,15,087,Johnson,
733,15,089,Kane,
734,15,091,Kankakee,
735,15,093,Kendall,
736,15,095,Knox,
737,15,097,Lake,
738,15,099,LaSalle,
739,15,101,Lawrence,
740,15,103,Lee,
741,15,105,Livingston,
742,15,107,Logan,
743,15,109,McDonough,
744,15,111,McHenry,
745,15,113,McLean,
746,15,115,Macon,
747,15,117,Macoupin,
748,15,119,Madison,
749,15,121,Marion,
750,15,123,Marshall,
751,15,125,Mason,
752,15,127,Massac,
753,15,129,Menard,
754,15,131,Mercer,
755,15,133,Monroe,
756,15,135,Montgomery,
757,15,137,Morgan,
758,15,139,Moultrie,
759,15,141,Ogle,
760,15,143,Peoria,
761,15,145,Perry,
762,15,147,Piatt,
763,15,149,Pike,
764,15,151,Pope,
765,15,153,Pulaski,
766,15,155,Putnam,
767,15,157,Randolph,
768,15,159,Richland,
769,15,161,Rock Island,
770,15,163,St. Clair,
771,15,165,Saline,
772,15,167,Sangamon,
773,15,169,Schuyler,
774,15,171,Scott,
775,15,173,Shelby,
776,15,175,Stark,
777,15,177,Stephenson,
778,15,179,Tazewell,
779,15,181,Union,
780,15,183,Vermilion,
781,15,185,Wabash,
782,15,187,Warren,
783,15,189,Washington,
784,15,191,Wayne,
785,15,193,White,
786,15,195,Whiteside,
787,15,197,Will,
788,15,199,Williamson,
789,15,201,Winnebago,
790,15,203,Woodford,
791,16,001,Adams,
792,16,003,Allen,
793,16,005,Bartholomew,
794,16,007,Benton,
795,16,009,Blackford,
796,16,011,Boone,
797,16,013,Brown,
798,16,015,Carroll,
799,16,017,Cass,
800,16,019,Clark,
801,16,021,Clay,
802,16,023,Clinton,
803,16,025,Crawford,
804,16,027,Daviess,
805,16,029,Dearborn,
806,16,031,Decatur,
807,16,033,DeKalb,
808,16,035,Delaware,
809,16,037,Dubois,
810,16,039,Elkhart,
811,16,041,Fayette,
812,16,043,Floyd,
813,16,045,Fountain,
814,16,047,Franklin,
815,16,049,Fulton,
816,16,051,Gibson,
817,16,053,Grant,
818,16,055,Greene,
819,16,057,Hamilton,
820,16,059,Hancock,
821,16,061,Harrison,
822,16,063,Hendricks,
823,16,065,Henry,
824,16,067,Howard,
825,16,069,Huntington,
826,16,071,Jackson,
827,16,073,Jasper,
828,16,075,Jay,
829,16,077,Jefferson,
830,16,079,Jennings,
831,16,081,Johnson,
832,16,083,Knox,
833,16,085,Kosciusko,
834,16,087,LaGrange,
835,16,089,Lake,
836,16,091,LaPorte,
837,16,093,Lawrence,
838,16,095,Madison,
839,16,097,Marion,
840,16,099,Marshall,
841,16,101,Martin,
842,16,103,Miami,
843,16,105,Monroe,
844,16,107,Montgomery,
845,16,109,Morgan,
846,16,111,Newton,
847,16,113,Noble,
848,16,115,Ohio,
849,16,117,Orange,
850,16,119,Owen,
851,16,121,Parke,
852,16,123,Perry,
853,16,125,Pike,
854,16,127,Porter,
855,16,129,Posey,
856,16,131,Pulaski,
857,16,133,Putnam,
858,16,135,Randolph,
859,16,137,Ripley,
860,16,139,Rush,
861,16,141,St. Joseph,
862,16,143,Scott,
863,16,145,Shelby,
864,16,147,Spencer,
865,16,149,Starke,
866,16,151,Steuben,
867,16,153,Sullivan,
868,16,155,Switzerland,
869,16,157,Tippecanoe,
870,16,159,Tipton,
871,16,161,Union,
872,16,163,Vanderburgh,
873,16,165,Vermillion,
874,16,167,Vigo,
875,16,169,Wabash,
876,16,171,Warren,
877,16,173,Warrick,
878,16,175,Washington,
879,16,177,Wayne,
880,16,179,Wells,
881,16,181,White,
882,16,183,Whitley,
883,17,001,Allen,
884,17,003,Anderson,
885,17,005,Atchison,
886,17,007,Barber,
887,17,009,Barton,
888,17,011,Bourbon,
889,17,013,Brown,
890,17,015,Butler,
891,17,017,Chase,
892,17,019,Chautauqua,
893,17,021,Cherokee,
894,17,023,Cheyenne,
895,17,025,Clark,
896,17,027,Clay,
897,17,029,Cloud,
898,17,031,Coffey,
899,17,033,Comanche,
900,17,035,Cowley,
901,17,037,Crawford,
902,17,039,Decatur,
903,17,041,Dickinson,
904,17,043,Doniphan,
905,17,045,Douglas,
906,17,047,Edwards,
907,17,049,Elk,
908,17,051,Ellis,
909,17,053,Ellsworth,
910,17,055,Finney,
911,17,057,Ford,
912,17,059,Franklin,
913,17,061,Geary,
914,17,063,Gove,
915,17,065,Graham,
916,17,067,Grant,
917,17,069,Gray,
918,17,071,Greeley,
919,17,073,Greenwood,
920,17,075,Hamilton,
921,17,077,Harper,
922,17,079,Harvey,
923,17,081,Haskell,
924,17,083,Hodgeman,
925,17,085,Jackson,
926,17,087,Jefferson,
927,17,089,Jewell,
928,17,091,Johnson,
929,17,093,Kearny,
930,17,095,Kingman,
931,17,097,Kiowa,
932,17,099,Labette,
933,17,101,Lane,
934,17,103,Leavenworth,
935,17,105,Lincoln,
936,17,107,Linn,
937,17,109,Logan,
938,17,111,Lyon,
939,17,113,McPherson,
940,17,115,Marion,
941,17,117,Marshall,
942,17,119,Meade,
943,17,121,Miami,
944,17,123,Mitchell,
945,17,125,Montgomery,
946,17,127,Morris,
947,17,129,Morton,
948,17,131,Nemaha,
949,17,133,Neosho,
950,17,135,Ness,
951,17,137,Norton,
952,17,139,Osage,
953,17,141,Osborne,
954,17,143,Ottawa,
955,17,145,Pawnee,
956,17,147,Phillips,
957,17,149,Pottawatomie,
958,17,151,Pratt,
959,17,153,Rawlins,
960,17,155,Reno,
961,17,157,Republic,
962,17,159,Rice,
963,17,161,Riley,
964,17,163,Rooks,
965,17,165,Rush,
966,17,167,Russell,
967,17,169,Saline,
968,17,171,Scott,
969,17,173,Sedgwick,
970,17,175,Seward,
971,17,177,Shawnee,
972,17,179,Sheridan,
973,17,181,Sherman,
974,17,183,Smith,
975,17,185,Stafford,
976,17,187,Stanton,
977,17,189,Stevens,
978,17,191,Sumner,
979,17,193,Thomas,
980,17,195,Trego,
981,17,197,Wabaunsee,
982,17,199,Wallace,
983,17,201,Washington,
984,17,203,Wichita,
985,17,205,Wilson,
986,17,207,Woodson,
987,17,209,Wyandotte,
988,18,001,Adair,
989,18,003,Allen,
990,18,005,Anderson,
991,18,007,Ballard,
992,18,009,Barren,
993,18,011,Bath,
994,18,013,Bell,
995,18,015,Boone,
996,18,017,Bourbon,
997,18,019,Boyd,
998,18,021,Boyle,
999,18,023,Bracken,
1000,18,025,Breathitt,
1001,18,027,Breckinridge,
1002,18,029,Bullitt,
1003,18,031,Butler,
1004,18,033,Caldwell,
1005,18,035,Calloway,
1006,18,037,Campbell,
1007,18,039,Carlisle,
1008,18,041,Carroll,
1009,18,043,Carter,
1010,18,045,Casey,
1011,18,047,Christian,
1012,18,049,Clark,
1013,18,051,Clay,
1014,18,053,Clinton,
1015,18,055,Crittenden,
1016,18,057,Cumberland,
1017,18,059,Daviess,
1018,18,061,Edmonson,
1019,18,063,Elliott,
1020,18,065,Estill,
1021,18,067,Fayette,
1022,18,069,Fleming,
1023,18,071,Floyd,
1024,18,073,Franklin,
1025,18,075,Fulton,
1026,18,077,Gallatin,
1027,18,079,Garrard,
1028,18,081,Grant,
1029,18,083,Graves,
1030,18,085,Grayson,
1031,18,087,Green,
1032,18,089,Greenup,
1033,18,091,Hancock,
1034,18,093,Hardin,
1035,18,095,Harlan,
1036,18,097,Harrison,
1037,18,099,Hart,
1038,18,101,Henderson,
1039,18,103,Henry,
1040,18,105,Hickman,
1041,18,107,Hopkins,
1042,18,109,Jackson,
1043,18,111,Jefferson,
1044,18,113,Jessamine,
1045,18,115,Johnson,
1046,18,117,Kenton,
1047,18,119,Knott,
1048,18,121,Knox,
1049,18,123,Larue,
1050,18,125,Laurel,
1051,18,127,Lawrence,
1052,18,129,Lee,
1053,18,131,Leslie,
1054,18,133,Letcher,
1055,18,135,Lewis,
1056,18,137,Lincoln,
1057,18,139,Livingston,
1058,18,141,Logan,
1059,18,143,Lyon,
1060,18,145,McCracken,
1061,18,147,McCreary,
1062,18,149,McLean,
1063,18,151,Madison,
1064,18,153,Magoffin,
1065,18,155,Marion,
1066,18,157,Marshall,
1067,18,159,Martin,
1068,18,161,Mason,
1069,18,163,Meade,
1070,18,165,Menifee,
1071,18,167,Mercer,
1072,18,169,Metcalfe,
1073,18,171,Monroe,
1074,18,173,Montgomery,
1075,18,175,Morgan,
1076,18,177,Muhlenberg,
1077,18,179,Nelson,
1078,18,181,Nicholas,
1079,18,183,Ohio,
1080,18,185,Oldham,
1081,18,187,Owen,
1082,18,189,Owsley,
1083,18,191,Pendleton,
1084,18,193,Perry,
1085,18,195,Pike,
1086,18,197,Powell,
1087,18,199,Pulaski,
1088,18,201,Robertson,
1089,18,203,Rockcastle,
1090,18,205,Rowan,
1091,18,207,Russell,
1092,18,209,Scott,
1093,18,211,Shelby,
1094,18,213,Simpson,
1095,18,215,Spencer,
1096,18,217,Taylor,
1097,18,219,Todd,
1098,18,221,Trigg,
1099,18,223,Trimble,
1100,18,225,Union,
1101,18,227,Warren,
1102,18,229,Washington,
1103,18,231,Wayne,
1104,18,233,Webster,
1105,18,235,Whitley,
1106,18,237,Wolfe,
1107,18,239,Woodford,
1108,19,001,Acadia,
1109,19,003,Allen,
1110,19,005,Ascension,
1111,19,007,Assumption,
1112,19,009,Avoyelles,
1113,19,011,Beauregard,
1114,19,013,Bienville,
1115,19,015,Bossier,
1116,19,017,Caddo Parish,
1117,19,019,Calcasieu,
1118,19,021,Caldwell,
1119,19,023,Cameron,
1120,19,025,Catahoula,
1121,19,027,Claiborne,
1122,19,029,Concordia,
1123,19,031,De Soto,
1124,19,033,East Baton Rouge Parish,
1125,19,035,East Carroll,
1126,19,037,East Feliciana,
1127,19,039,Evangeline,
1128,19,041,Franklin,
1129,19,043,Grant,
1130,19,045,Iberia,
1131,19,047,Iberville,
1132,19,049,Jackson,
1133,19,051,Jefferson Parish,
1134,19,053,Jefferson Davis,
1135,19,055,Lafayette,
1136,19,057,Lafourche,
1137,19,059,La Salle,
1138,19,061,Lincoln,
1139,19,063,Livingston,
1140,19,065,Madison,
1141,19,067,Morehouse,
1142,19,069,Natchitoches,
1143,19,071,Orleans,
1144,19,073,Ouachita Parish,
1145,19,075,Plaquemines Parish,
1146,19,077,Pointe Coupee,
1147,19,079,Rapides,
1148,19,081,Red River,
1149,19,083,Richland,
1150,19,085,Sabine,
1151,19,087,St. Bernard,
1152,19,089,St. Charles,
1153,19,091,St. Helena,
1154,19,093,St. James,
1155,19,095,St. John the Baptist,
1156,19,097,St. Landry,
1157,19,099,St. Martin,
1158,19,101,St. Mary,
1159,19,103,St. Tammany,
1160,19,105,Tangipahoa,
1161,19,107,Tensas,
1162,19,109,Terrebonne,
1163,19,111,Union,
1164,19,113,Vermilion,
1165,19,115,Vernon,
1166,19,117,Washington,
1167,19,119,Webster,
1168,19,121,West Baton Rouge,
1169,19,123,West Carroll,
1170,19,125,West Feliciana,
1171,19,127,Winn,
1172,20,001,Barnstable,
1173,20,003,Berkshire,
1174,20,005,Bristol,
1175,20,007,Dukes,
1176,20,009,Essex,
1177,20,011,Franklin,
1178,20,013,Hampden,
1179,20,015,Hampshire,
1180,20,017,Middlesex,
1181,20,019,Nantucket,
1182,20,021,Norfolk,
1183,20,023,Plymouth,
1184,20,025,Suffolk,
1185,20,027,Worcester,
1186,21,001,Allegany,
1187,21,003,Anne Arundel,
1188,21,005,Baltimore,
1189,21,009,Calvert,
1190,21,011,Caroline,
1191,21,013,Carroll,
1192,21,015,Cecil,
1193,21,017,Charles,
1194,21,019,Dorchester,
1195,21,021,Frederick,
1196,21,023,Garrett,
1197,21,025,Harford,
1198,21,027,Howard,
1199,21,029,Kent,
1200,21,031,Montgomery,
1201,21,033,Prince George's,
1202,21,035,Queen Anne's,
1203,21,037,St. Mary's,
1204,21,039,Somerset,
1205,21,041,Talbot,
1206,21,043,Washington,
1207,21,045,Wicomico,
1208,21,047,Worcester,
1209,21,510,Baltimore (city),
1210,22,001,Androscoggin,
1211,22,003,Aroostook,
1212,22,005,Cumberland,
1213,22,007,Franklin,
1214,22,009,Hancock,
1215,22,011,Kennebec,
1216,22,013,Knox,
1217,22,015,Lincoln,
1218,22,017,Oxford,
1219,22,019,Penobscot,
1220,22,021,Piscataquis,
1221,22,023,Sagadahoc,
1222,22,025,Somerset,
1223,22,027,Waldo,
1224,22,029,Washington,
1225,22,031,York,
1226,23,020,Marshall Islands,
1227,24,001,Alcona,
1228,24,003,Alger,
1229,24,005,Allegan,
1230,24,007,Alpena,
1231,24,009,Antrim,
1232,24,011,Arenac,
1233,24,013,Baraga,
1234,24,015,Barry,
1235,24,017,Bay,
1236,24,019,Benzie,
1237,24,021,Berrien,
1238,24,023,Branch,
1239,24,025,Calhoun,
1240,24,027,Cass,
1241,24,029,Charlevoix,
1242,24,031,Cheboygan,
1243,24,033,Chippewa,
1244,24,035,Clare,
1245,24,037,Clinton,
1246,24,039,Crawford,
1247,24,041,Delta,
1248,24,043,Dickinson,
1249,24,045,Eaton,
1250,24,047,Emmet,
1251,24,049,Genesee,
1252,24,051,Gladwin,
1253,24,053,Gogebic,
1254,24,055,Grand Traverse,
1255,24,057,Gratiot,
1256,24,059,Hillsdale,
1257,24,061,Houghton,
1258,24,063,Huron,
1259,24,065,Ingham,
1260,24,067,Ionia,
1261,24,069,Iosco,
1262,24,071,Iron,
1263,24,073,Isabella,
1264,24,075,Jackson,
1265,24,077,Kalamazoo,
1266,24,079,Kalkaska,
1267,24,081,Kent,
1268,24,083,Keweenaw,
1269,24,085,Lake,
1270,24,087,Lapeer,
1271,24,089,Leelanau,
1272,24,091,Lenawee,
1273,24,093,Livingston,
1274,24,095,Luce,
1275,24,097,Mackinac,
1276,24,099,Macomb,
1277,24,101,Manistee,
1278,24,103,Marquette,
1279,24,105,Mason,
1280,24,107,Mecosta,
1281,24,109,Menominee,
1282,24,111,Midland,
1283,24,113,Missaukee,
1284,24,115,Monroe,
1285,24,117,Montcalm,
1286,24,119,Montmorency,
1287,24,121,Muskegon,
1288,24,123,Newaygo,
1289,24,125,Oakland,
1290,24,127,Oceana,
1291,24,129,Ogemaw,
1292,24,131,Ontonagon,
1293,24,133,Osceola,
1294,24,135,Oscoda,
1295,24,137,Otsego,
1296,24,139,Ottawa,
1297,24,141,Presque Isle,
1298,24,143,Roscommon,
1299,24,145,Saginaw,
1300,24,147,St. Clair,
1301,24,149,St. Joseph,
1302,24,151,Sanilac,
1303,24,153,Schoolcraft,
1304,24,155,Shiawassee,
1305,24,157,Tuscola,
1306,24,159,Van Buren,
1307,24,161,Washtenaw,
1308,24,163,Wayne,
1309,24,165,Wexford,
1310,25,001,Aitkin,
1311,25,003,Anoka,
1312,25,005,Becker,
1313,25,007,Beltrami,
1314,25,009,Benton,
1315,25,011,Big Stone,
1316,25,013,Blue Earth,
1317,25,015,Brown,
1318,25,017,Carlton,
1319,25,019,Carver,
1320,25,021,Cass,
1321,25,023,Chippewa,
1322,25,025,Chisago,
1323,25,027,Clay,
1324,25,029,Clearwater,
1325,25,031,Cook,
1326,25,033,Cottonwood,
1327,25,035,Crow Wing,
1328,25,037,Dakota,
1329,25,039,Dodge,
1330,25,041,Douglas,
1331,25,043,Faribault,
1332,25,045,Fillmore,
1333,25,047,Freeborn,
1334,25,049,Goodhue,
1335,25,051,Grant,
1336,25,053,Hennepin,
1337,25,055,Houston,
1338,25,057,Hubbard,
1339,25,059,Isanti,
1340,25,061,Itasca,
1341,25,063,Jackson,
1342,25,065,Kanabec,
1343,25,067,Kandiyohi,
1344,25,069,Kittson,
1345,25,071,Koochiching,
1346,25,073,Lac qui Parle,
1347,25,075,Lake,
1348,25,077,Lake of the Woods,
1349,25,079,Le Sueur,
1350,25,081,Lincoln,
1351,25,083,Lyon,
1352,25,085,McLeod,
1353,25,087,Mahnomen,
1354,25,089,Marshall,
1355,25,091,Martin,
1356,25,093,Meeker,
1357,25,095,Mille Lacs,
1358,25,097,Morrison,
1359,25,099,Mower,
1360,25,101,Murray,
1361,25,103,Nicollet,
1362,25,105,Nobles,
1363,25,107,Norman,
1364,25,109,Olmsted,
1365,25,111,Otter Tail,
1366,25,113,Pennington,
1367,25,115,Pine,
1368,25,117,Pipestone,
1369,25,119,Polk,
1370,25,121,Pope,
1371,25,123,Ramsey,
1372,25,125,Red Lake,
1373,25,127,Redwood,
1374,25,129,Renville,
1375,25,131,Rice,
1376,25,133,Rock,
1377,25,135,Roseau,
1378,25,137,St. Louis,
1379,25,139,Scott,
1380,25,141,Sherburne,
1381,25,143,Sibley,
1382,25,145,Stearns,
1383,25,147,Steele,
1384,25,149,Stevens,
1385,25,151,Swift,
1386,25,153,Todd,
1387,25,155,Traverse,
1388,25,157,Wabasha,
1389,25,159,Wadena,
1390,25,161,Waseca,
1391,25,163,Washington,
1392,25,165,Watonwan,
1393,25,167,Wilkin,
1394,25,169,Winona,
1395,25,171,Wright,
1396,25,173,Yellow Medicine,
1397,26,001,Adair,
1398,26,003,Andrew,
1399,26,005,Atchison,
1400,26,007,Audrain,
1401,26,009,Barry,
1402,26,011,Barton,
1403,26,013,Bates,
1404,26,015,Benton,
1405,26,017,Bollinger,
1406,26,019,Boone,
1407,26,021,Buchanan,
1408,26,023,Butler,
1409,26,025,Caldwell,
1410,26,027,Callaway,
1411,26,029,Camden,
1412,26,031,Cape Girardeau,
1413,26,033,Carroll,
1414,26,035,Carter,
1415,26,037,Cass,
1416,26,039,Cedar,
1417,26,041,Chariton,
1418,26,043,Christian,
1419,26,045,Clark,
1420,26,047,Clay,
1421,26,049,Clinton,
1422,26,051,Cole,
1423,26,053,Cooper,
1424,26,055,Crawford,
1425,26,057,Dade,
1426,26,059,Dallas,
1427,26,061,Daviess,
1428,26,063,DeKalb,
1429,26,065,Dent,
1430,26,067,Douglas,
1431,26,069,Dunklin,
1432,26,071,Franklin,
1433,26,073,Gasconade,
1434,26,075,Gentry,
1435,26,077,Greene,
1436,26,079,Grundy,
1437,26,081,Harrison,
1438,26,083,Henry,
1439,26,085,Hickory,
1440,26,087,Holt,
1441,26,089,Howard,
1442,26,091,Howell,
1443,26,093,Iron,
1444,26,095,Jackson,
1445,26,097,Jasper,
1446,26,099,Jefferson,
1447,26,101,Johnson,
1448,26,103,Knox,
1449,26,105,Laclede,
1450,26,107,Lafayette,
1451,26,109,Lawrence,
1452,26,111,Lewis,
1453,26,113,Lincoln,
1454,26,115,Linn,
1455,26,117,Livingston,
1456,26,119,McDonald,
1457,26,121,Macon,
1458,26,123,Madison,
1459,26,125,Maries,
1460,26,127,Marion,
1461,26,129,Mercer,
1462,26,131,Miller,
1463,26,133,Mississippi,
1464,26,135,Moniteau,
1465,26,137,Monroe,
1466,26,139,Montgomery,
1467,26,141,Morgan,
1468,26,143,New Madrid,
1469,26,145,Newton,
1470,26,147,Nodaway,
1471,26,149,Oregon,
1472,26,151,Osage,
1473,26,153,Ozark,
1474,26,155,Pemiscot,
1475,26,157,Perry,
1476,26,159,Pettis,
1477,26,161,Phelps,
1478,26,163,Pike,
1479,26,165,Platte,
1480,26,167,Polk,
1481,26,169,Pulaski,
1482,26,171,Putnam,
1483,26,173,Ralls,
1484,26,175,Randolph,
1485,26,177,Ray,
1486,26,179,Reynolds,
1487,26,181,Ripley,
1488,26,183,Saint Charles,
1489,26,185,St. Clair,
1490,26,186,Ste. Genevieve,
1491,26,187,St. Francois,
1492,26,189,St. Louis,
1493,26,195,Saline,
1494,26,197,Schuyler,
1495,26,199,Scotland,
1496,26,201,Scott,
1497,26,203,Shannon,
1498,26,205,Shelby,
1499,26,207,Stoddard,
1500,26,209,Stone,
1501,26,211,Sullivan,
1502,26,213,Taney,
1503,26,215,Texas,
1504,26,217,Vernon,
1505,26,219,Warren,
1506,26,221,Washington,
1507,26,223,Wayne,
1508,26,225,Webster,
1509,26,227,Worth,
1510,26,229,Wright,
1511,26,510,St. Louis (city),
1512,27,001,Adams,
1513,27,003,Alcorn,
1514,27,005,Amite,
1515,27,007,Attala,
1516,27,009,Benton,
1517,27,011,Bolivar,
1518,27,013,Calhoun,
1519,27,015,Carroll,
1520,27,017,Chickasaw,
1521,27,019,Choctaw,
1522,27,021,Claiborne,
1523,27,023,Clarke,
1524,27,025,Clay,
1525,27,027,Coahoma,
1526,27,029,Copiah,
1527,27,031,Covington,
1528,27,033,DeSoto,
1529,27,035,Forrest,
1530,27,037,Franklin,
1531,27,039,George,
1532,27,041,Greene,
1533,27,043,Grenada,
1534,27,045,Hancock,
1535,27,047,Harrison,
1536,27,049,Hinds,
1537,27,051,Holmes,
1538,27,053,Humphreys,
1539,27,055,Issaquena,
1540,27,057,Itawamba,
1541,27,059,Jackson,
1542,27,061,Jasper,
1543,27,063,Jefferson,
1544,27,065,Jefferson Davis,
1545,27,067,Jones,
1546,27,069,Kemper,
1547,27,071,Lafayette,
1548,27,073,Lamar,
1549,27,075,Lauderdale,
1550,27,077,Lawrence,
1551,27,079,Leake,
1552,27,081,Lee,
1553,27,083,Leflore,
1554,27,085,Lincoln,
1555,27,087,Lowndes,
1556,27,089,Madison,
1557,27,091,Marion,
1558,27,093,Marshall,
1559,27,095,Monroe,
1560,27,097,Montgomery,
1561,27,099,Neshoba,
1562,27,101,Newton,
1563,27,103,Noxubee,
1564,27,105,Oktibbeha,
1565,27,107,Panola,
1566,27,109,Pearl River,
1567,27,111,Perry,
1568,27,113,Pike,
1569,27,115,Pontotoc,
1570,27,117,Prentiss,
1571,27,119,Quitman,
1572,27,121,Rankin,
1573,27,123,Scott,
1574,27,125,Sharkey,
1575,27,127,Simpson,
1576,27,129,Smith,
1577,27,131,Stone,
1578,27,133,Sunflower,
1579,27,135,Tallahatchie,
1580,27,137,Tate,
1581,27,139,Tippah,
1582,27,141,Tishomingo,
1583,27,143,Tunica,
1584,27,145,Union,
1585,27,147,Walthall,
1586,27,149,Warren,
1587,27,151,Washington,
1588,27,153,Wayne,
1589,27,155,Webster,
1590,27,157,Wilkinson,
1591,27,159,Winston,
1592,27,161,Yalobusha,
1593,27,163,Yazoo,
1594,28,001,Beaverhead,
1595,28,003,Big Horn,
1596,28,005,Blaine,
1597,28,007,Broadwater,
1598,28,009,Carbon,
1599,28,011,Carter,
1600,28,013,Cascade,
1601,28,015,Chouteau,
1602,28,017,Custer,
1603,28,019,Daniels,
1604,28,021,Dawson,
1605,28,023,Deer Lodge,
1606,28,025,Fallon,
1607,28,027,Fergus,
1608,28,029,Flathead,
1609,28,031,Gallatin,
1610,28,033,Garfield,
1611,28,035,Glacier,
1612,28,037,Golden Valley,
1613,28,039,Granite,
1614,28,041,Hill,
1615,28,043,Jefferson,
1616,28,045,Judith Basin,
1617,28,047,Lake,
1618,28,049,Lewis and Clark,
1619,28,051,Liberty,
1620,28,053,Lincoln,
1621,28,055,McCone,
1622,28,057,Madison,
1623,28,059,Meagher,
1624,28,061,Mineral,
1625,28,063,Missoula,
1626,28,065,Musselshell,
1627,28,067,Park,
1628,28,069,Petroleum,
1629,28,071,Phillips,
1630,28,073,Pondera,
1631,28,075,Powder River,
1632,28,077,Powell,
1633,28,079,Prairie,
1634,28,081,Ravalli,
1635,28,083,Richland,
1636,28,085,Roosevelt,
1637,28,087,Rosebud,
1638,28,089,Sanders,
1639,28,091,Sheridan,
1640,28,093,Silver Bow,
1641,28,095,Stillwater,
1642,28,097,Sweet Grass,
1643,28,099,Teton,
1644,28,101,Toole,
1645,28,103,Treasure,
1646,28,105,Valley,
1647,28,107,Wheatland,
1648,28,109,Wibaux,
1649,28,111,Yellowstone,
1650,29,001,Alamance,
1651,29,003,Alexander,
1652,29,005,Alleghany,
1653,29,007,Anson,
1654,29,009,Ashe,
1655,29,011,Avery,
1656,29,013,Beaufort,
1657,29,015,Bertie,
1658,29,017,Bladen,
1659,29,019,Brunswick,
1660,29,021,Buncombe,
1661,29,023,Burke,
1662,29,025,Cabarrus,
1663,29,027,Caldwell,
1664,29,029,Camden,
1665,29,031,Carteret,
1666,29,033,Caswell,
1667,29,035,Catawba,
1668,29,037,Chatham,
1669,29,039,Cherokee,
1670,29,041,Chowan,
1671,29,043,Clay,
1672,29,045,Cleveland,
1673,29,047,Columbus,
1674,29,049,Craven,
1675,29,051,Cumberland,
1676,29,053,Currituck,
1677,29,055,Dare,
1678,29,057,Davidson,
1679,29,059,Davie,
1680,29,061,Duplin,
1681,29,063,Durham,
1682,29,065,Edgecombe,
1683,29,067,Forsyth,
1684,29,069,Franklin,
1685,29,071,Gaston,
1686,29,073,Gates,
1687,29,075,Graham,
1688,29,077,Granville,
1689,29,079,Greene,
1690,29,081,Guilford,
1691,29,083,Halifax,
1692,29,085,Harnett,
1693,29,087,Haywood,
1694,29,089,Henderson,
1695,29,091,Hertford,
1696,29,093,Hoke,
1697,29,095,Hyde,
1698,29,097,Iredell,
1699,29,099,Jackson,
1700,29,101,Johnston,
1701,29,103,Jones,
1702,29,105,Lee,
1703,29,107,Lenoir,
1704,29,109,Lincoln,
1705,29,111,McDowell,
1706,29,113,Macon,
1707,29,115,Madison,
1708,29,117,Martin,
1709,29,119,Mecklenburg,
1710,29,121,Mitchell,
1711,29,123,Montgomery,
1712,29,125,Moore,
1713,29,127,Nash,
1714,29,129,New Hanover,
1715,29,131,Northampton,
1716,29,133,Onslow,
1717,29,135,Orange,
1718,29,137,Pamlico,
1719,29,139,Pasquotank,
1720,29,141,Pender,
1721,29,143,Perquimans,
1722,29,145,Person,
1723,29,147,Pitt,
1724,29,149,Polk,
1725,29,151,Randolph,
1726,29,153,Richmond,
1727,29,155,Robeson,
1728,29,157,Rockingham,
1729,29,159,Rowan,
1730,29,161,Rutherford,
1731,29,163,Sampson,
1732,29,165,Scotland,
1733,29,167,Stanly,
1734,29,169,Stokes,
1735,29,171,Surry,
1736,29,173,Swain,
1737,29,175,Transylvania,
1738,29,177,Tyrrell,
1739,29,179,Union,
1740,29,181,Vance,
1741,29,183,Wake,
1742,29,185,Warren,
1743,29,187,Washington,
1744,29,189,Watauga,
1745,29,191,Wayne,
1746,29,193,Wilkes,
1747,29,195,Wilson,
1748,29,197,Yadkin,
1749,29,199,Yancey,
1750,30,001,Adams,
1751,30,003,Barnes,
1752,30,005,Benson,
1753,30,007,Billings,
1754,30,009,Bottineau,
1755,30,011,Bowman,
1756,30,013,Burke,
1757,30,015,Burleigh,
1758,30,017,Cass,
1759,30,019,Cavalier,
1760,30,021,Dickey,
1761,30,023,Divide,
1762,30,025,Dunn,
1763,30,027,Eddy,
1764,30,029,Emmons,
1765,30,031,Foster,
1766,30,033,Golden Valley,
1767,30,035,Grand Forks,
1768,30,037,Grant,
1769,30,039,Griggs,
1770,30,041,Hettinger,
1771,30,043,Kidder,
1772,30,045,LaMoure,
1773,30,047,Logan,
1774,30,049,McHenry,
1775,30,051,McIntosh,
1776,30,053,McKenzie,
1777,30,055,McLean,
1778,30,057,Mercer,
1779,30,059,Morton,
1780,30,061,Mountrail,
1781,30,063,Nelson,
1782,30,065,Oliver,
1783,30,067,Pembina,
1784,30,069,Pierce,
1785,30,071,Ramsey,
1786,30,073,Ransom,
1787,30,075,Renville,
1788,30,077,Richland,
1789,30,079,Rolette,
1790,30,081,Sargent,
1791,30,083,Sheridan,
1792,30,085,Sioux,
1793,30,087,Slope,
1794,30,089,Stark,
1795,30,091,Steele,
1796,30,093,Stutsman,
1797,30,095,Towner,
1798,30,097,Traill,
1799,30,099,Walsh,
1800,30,101,Ward,
1801,30,103,Wells,
1802,30,105,Williams,
1803,31,001,Adams,
1804,31,003,Antelope,
1805,31,005,Arthur,
1806,31,007,Banner,
1807,31,009,Blaine,
1808,31,011,Boone,
1809,31,013,Box Butte,
1810,31,015,Boyd,
1811,31,017,Brown,
1812,31,019,Buffalo,
1813,31,021,Burt,
1814,31,023,Butler,
1815,31,025,Cass,
1816,31,027,Cedar,
1817,31,029,Chase,
1818,31,031,Cherry,
1819,31,033,Cheyenne,
1820,31,035,Clay,
1821,31,037,Colfax,
1822,31,039,Cuming,
1823,31,041,Custer,
1824,31,043,Dakota,
1825,31,045,Dawes,
1826,31,047,Dawson,
1827,31,049,Deuel,
1828,31,051,Dixon,
1829,31,053,Dodge,
1830,31,055,Douglas,
1831,31,057,Dundy,
1832,31,059,Fillmore,
1833,31,061,Franklin,
1834,31,063,Frontier,
1835,31,065,Furnas,
1836,31,067,Gage,
1837,31,069,Garden,
1838,31,071,Garfield,
1839,31,073,Gosper,
1840,31,075,Grant,
1841,31,077,Greeley,
1842,31,079,Hall,
1843,31,081,Hamilton,
1844,31,083,Harlan,
1845,31,085,Hayes,
1846,31,087,Hitchcock,
1847,31,089,Holt,
1848,31,091,Hooker,
1849,31,093,Howard,
1850,31,095,Jefferson,
1851,31,097,Johnson,
1852,31,099,Kearney,
1853,31,101,Keith,
1854,31,103,Keya Paha,
1855,31,105,Kimball,
1856,31,107,Knox,
1857,31,109,Lancaster,
1858,31,111,Lincoln,
1859,31,113,Logan,
1860,31,115,Loup,
1861,31,117,McPherson,
1862,31,119,Madison,
1863,31,121,Merrick,
1864,31,123,Morrill,
1865,31,125,Nance,
1866,31,127,Nemaha,
1867,31,129,Nuckolls,
1868,31,131,Otoe,
1869,31,133,Pawnee,
1870,31,135,Perkins,
1871,31,137,Phelps,
1872,31,139,Pierce,
1873,31,141,Platte,
1874,31,143,Polk,
1875,31,145,Red Willow,
1876,31,147,Richardson,
1877,31,149,Rock,
1878,31,151,Saline,
1879,31,153,Sarpy,
1880,31,155,Saunders,
1881,31,157,Scotts Bluff,
1882,31,159,Seward,
1883,31,161,Sheridan,
1884,31,163,Sherman,
1885,31,165,Sioux,
1886,31,167,Stanton,
1887,31,169,Thayer,
1888,31,171,Thomas,
1889,31,173,Thurston,
1890,31,175,Valley,
1891,31,177,Washington,
1892,31,179,Wayne,
1893,31,181,Webster,
1894,31,183,Wheeler,
1895,31,185,York,
1896,32,001,Belknap,
1897,32,003,Carroll,
1898,32,005,Cheshire,
1899,32,007,Coos,
1900,32,009,Grafton,
1901,32,011,Hillsborough,
1902,32,013,Merrimack,
1903,32,015,Rockingham,
1904,32,017,Strafford,
1905,32,019,Sullivan,
1906,33,001,Atlantic,
1907,33,003,Bergen,
1908,33,005,Burlington,
1909,33,007,Camden,
1910,33,009,Cape May,
1911,33,011,Cumberland,
1912,33,013,Essex,
1913,33,015,Gloucester,
1914,33,017,Hudson,
1915,33,019,Hunterdon,
1916,33,021,Mercer,
1917,33,023,Middlesex,
1918,33,025,Monmouth,
1919,33,027,Morris,
1920,33,029,Ocean,
1921,33,031,Passaic,
1922,33,033,Salem,
1923,33,035,Somerset,
1924,33,037,Sussex,
1925,33,039,Union,
1926,33,041,Warren,
1927,34,001,Bernalillo,
1928,34,003,Catron,
1929,34,005,Chaves,
1930,34,006,Cibola,
1931,34,007,Colfax,
1932,34,009,Curry,
1933,34,011,DeBaca,
1934,34,013,Do√±a Ana,
1935,34,015,Eddy,
1936,34,017,Grant,
1937,34,019,Guadalupe,
1938,34,021,Harding,
1939,34,023,Hidalgo,
1940,34,025,Lea,
1941,34,027,Lincoln,
1942,34,028,Los Alamos,
1943,34,029,Luna,
1944,34,031,McKinley,
1945,34,033,Mora,
1946,34,035,Otero,
1947,34,037,Quay,
1948,34,039,Rio Arriba,
1949,34,041,Roosevelt,
1950,34,043,Sandoval,
1951,34,045,San Juan,
1952,34,047,San Miguel,
1953,34,049,Santa Fe,
1954,34,051,Sierra,
1955,34,053,Socorro,
1956,34,055,Taos,
1957,34,057,Torrance,
1958,34,059,Union,
1959,34,061,Valencia,
1960,35,001,Churchill,
1961,35,003,Clark,
1962,35,005,Douglas,
1963,35,007,Elko,
1964,35,009,Esmeralda,
1965,35,011,Eureka,
1966,35,013,Humboldt,
1967,35,015,Lander,
1968,35,017,Lincoln,
1969,35,019,Lyon,
1970,35,021,Mineral,
1971,35,023,Nye,
1972,35,027,Pershing,
1973,35,029,Storey,
1974,35,031,Washoe,
1975,35,033,White Pine,
1976,35,510,Carson City (city),
1977,36,001,Albany,
1978,36,003,Allegany,
1979,36,005,Bronx,
1980,36,007,Broome,
1981,36,009,Cattaraugus,
1982,36,011,Cayuga,
1983,36,013,Chautauqua,
1984,36,015,Chemung,
1985,36,017,Chenango,
1986,36,019,Clinton,
1987,36,021,Columbia,
1988,36,023,Cortland,
1989,36,025,Delaware,
1990,36,027,Dutchess,
1991,36,029,Erie,
1992,36,031,Essex,
1993,36,033,Franklin,
1994,36,035,Fulton,
1995,36,037,Genesee,
1996,36,039,Greene,
1997,36,041,Hamilton,
1998,36,043,Herkimer,
1999,36,045,Jefferson,
2000,36,047,Kings,
2001,36,049,Lewis,
2002,36,051,Livingston,
2003,36,053,Madison,
2004,36,055,Monroe,
2005,36,057,Montgomery,
2006,36,059,Nassau,
2007,36,061,New York,
2008,36,063,Niagara,
2009,36,065,Oneida,
2010,36,067,Onondaga,
2011,36,069,Ontario,
2012,36,071,Orange,
2013,36,073,Orleans,
2014,36,075,Oswego,
2015,36,077,Otsego,
2016,36,079,Putnam,
2017,36,081,Queens,
2018,36,083,Rensselaer,
2019,36,085,Richmond,
2020,36,087,Rockland,
2021,36,089,St. Lawrence,
2022,36,091,Saratoga,
2023,36,093,Schenectady,
2024,36,095,Schoharie,
2025,36,097,Schuyler,
2026,36,099,Seneca,
2027,36,101,Steuben,
2028,36,103,Suffolk,
2029,36,105,Sullivan,
2030,36,107,Tioga,
2031,36,109,Tompkins,
2032,36,111,Ulster,
2033,36,113,Warren,
2034,36,115,Washington,
2035,36,117,Wayne,
2036,36,119,Westchester,
2037,36,121,Wyoming,
2038,36,123,Yates,
2039,37,001,Adams,
2040,37,003,Allen,
2041,37,005,Ashland,
2042,37,007,Ashtabula,
2043,37,009,Athens,
2044,37,011,Auglaize,
2045,37,013,Belmont,
2046,37,015,Brown,
2047,37,017,Butler,
2048,37,019,Carroll,
2049,37,021,Champaign,
2050,37,023,Clark,
2051,37,025,Clermont,
2052,37,027,Clinton,
2053,37,029,Columbiana,
2054,37,031,Coshocton,
2055,37,033,Crawford,
2056,37,035,Cuyahoga,
2057,37,037,Darke,
2058,37,039,Defiance,
2059,37,041,Delaware,
2060,37,043,Erie,
2061,37,045,Fairfield,
2062,37,047,Fayette,
2063,37,049,Franklin,
2064,37,051,Fulton,
2065,37,053,Gallia,
2066,37,055,Geauga,
2067,37,057,Greene,
2068,37,059,Guernsey,
2069,37,061,Hamilton,
2070,37,063,Hancock,
2071,37,065,Hardin,
2072,37,067,Harrison,
2073,37,069,Henry,
2074,37,071,Highland,
2075,37,073,Hocking,
2076,37,075,Holmes,
2077,37,077,Huron,
2078,37,079,Jackson,
2079,37,081,Jefferson,
2080,37,083,Knox,
2081,37,085,Lake,
2082,37,087,Lawrence,
2083,37,089,Licking,
2084,37,091,Logan,
2085,37,093,Lorain,
2086,37,095,Lucas,
2087,37,097,Madison,
2088,37,099,Mahoning,
2089,37,101,Marion,
2090,37,103,Medina,
2091,37,105,Meigs,
2092,37,107,Mercer,
2093,37,109,Miami,
2094,37,111,Monroe,
2095,37,113,Montgomery,
2096,37,115,Morgan,
2097,37,117,Morrow,
2098,37,119,Muskingum,
2099,37,121,Noble,
2100,37,123,Ottawa,
2101,37,125,Paulding,
2102,37,127,Perry,
2103,37,129,Pickaway,
2104,37,131,Pike,
2105,37,133,Portage,
2106,37,135,Preble,
2107,37,137,Putnam,
2108,37,139,Richland,
2109,37,141,Ross,
2110,37,143,Sandusky,
2111,37,145,Scioto,
2112,37,147,Seneca,
2113,37,149,Shelby,
2114,37,151,Stark,
2115,37,153,Summit,
2116,37,155,Trumbull,
2117,37,157,Tuscarawas,
2118,37,159,Union,
2119,37,161,Van Wert,
2120,37,163,Vinton,
2121,37,165,Warren,
2122,37,167,Washington,
2123,37,169,Wayne,
2124,37,171,Williams,
2125,37,173,Wood,
2126,37,175,Wyandot,
2127,38,001,Adair,
2128,38,003,Alfalfa,
2129,38,005,Atoka,
2130,38,007,Beaver,
2131,38,009,Beckham,
2132,38,011,Blaine,
2133,38,013,Bryan,
2134,38,015,Caddo,
2135,38,017,Canadian,
2136,38,019,Carter,
2137,38,021,Cherokee,
2138,38,023,Choctaw,
2139,38,025,Cimarron,
2140,38,027,Cleveland,
2141,38,029,Coal,
2142,38,031,Comanche,
2143,38,033,Cotton,
2144,38,035,Craig,
2145,38,037,Creek,
2146,38,039,Custer,
2147,38,041,Delaware,
2148,38,043,Dewey,
2149,38,045,Ellis,
2150,38,047,Garfield,
2151,38,049,Garvin,
2152,38,051,Grady,
2153,38,053,Grant,
2154,38,055,Greer,
2155,38,057,Harmon,
2156,38,059,Harper,
2157,38,061,Haskell,
2158,38,063,Hughes,
2159,38,065,Jackson,
2160,38,067,Jefferson,
2161,38,069,Johnston,
2162,38,071,Kay,
2163,38,073,Kingfisher,
2164,38,075,Kiowa,
2165,38,077,Latimer,
2166,38,079,Le Flore,
2167,38,081,Lincoln,
2168,38,083,Logan,
2169,38,085,Love,
2170,38,087,McClain,
2171,38,089,McCurtain,
2172,38,091,McIntosh,
2173,38,093,Major,
2174,38,095,Marshall,
2175,38,097,Mayes,
2176,38,099,Murray,
2177,38,101,Muskogee,
2178,38,103,Noble,
2179,38,105,Nowata,
2180,38,107,Okfuskee,
2181,38,109,Oklahoma,
2182,38,111,Okmulgee,
2183,38,113,Osage,
2184,38,115,Ottawa,
2185,38,117,Pawnee,
2186,38,119,Payne,
2187,38,121,Pittsburg,
2188,38,123,Pontotoc,
2189,38,125,Pottawatomie,
2190,38,127,Pushmataha,
2191,38,129,Roger Mills,
2192,38,131,Rogers,
2193,38,133,Seminole,
2194,38,135,Sequoyah,
2195,38,137,Stephens,
2196,38,139,Texas,
2197,38,141,Tillman,
2198,38,143,Tulsa,
2199,38,145,Wagoner,
2200,38,147,Washington,
2201,38,149,Washita,
2202,38,151,Woods,
2203,38,153,Woodward,
2204,39,001,Baker,
2205,39,003,Benton,
2206,39,005,Clackamas,
2207,39,007,Clatsop,
2208,39,009,Columbia,
2209,39,011,Coos,
2210,39,013,Crook,
2211,39,015,Curry,
2212,39,017,Deschutes,
2213,39,019,Douglas,
2214,39,021,Gilliam,
2215,39,023,Grant,
2216,39,025,Harney,
2217,39,027,Hood River,
2218,39,029,Jackson,
2219,39,031,Jefferson,
2220,39,033,Josephine,
2221,39,035,Klamath,
2222,39,037,Lake,
2223,39,039,Lane,
2224,39,041,Lincoln,
2225,39,043,Linn,
2226,39,045,Malheur,
2227,39,047,Marion,
2228,39,049,Morrow,
2229,39,051,Multnomah,
2230,39,053,Polk,
2231,39,055,Sherman,
2232,39,057,Tillamook,
2233,39,059,Umatilla,
2234,39,061,Union,
2235,39,063,Wallowa,
2236,39,065,Wasco,
2237,39,067,Washington,
2238,39,069,Wheeler,
2239,39,071,Yamhill,
2240,40,001,Adams,
2241,40,003,Allegheny,
2242,40,005,Armstrong,
2243,40,007,Beaver,
2244,40,009,Bedford,
2245,40,011,Berks,
2246,40,013,Blair,
2247,40,015,Bradford,
2248,40,017,Bucks,
2249,40,019,Butler,
2250,40,021,Cambria,
2251,40,023,Cameron,
2252,40,025,Carbon,
2253,40,027,Centre,
2254,40,029,Chester,
2255,40,031,Clarion,
2256,40,033,Clearfield,
2257,40,035,Clinton,
2258,40,037,Columbia,
2259,40,039,Crawford,
2260,40,041,Cumberland,
2261,40,043,Dauphin,
2262,40,045,Delaware,
2263,40,047,Elk,
2264,40,049,Erie,
2265,40,051,Fayette,
2266,40,053,Forest,
2267,40,055,Franklin,
2268,40,057,Fulton,
2269,40,059,Greene,
2270,40,061,Huntingdon,
2271,40,063,Indiana,
2272,40,065,Jefferson,
2273,40,067,Juniata,
2274,40,069,Lackawanna,
2275,40,071,Lancaster,
2276,40,073,Lawrence,
2277,40,075,Lebanon,
2278,40,077,Lehigh,
2279,40,079,Luzerne,
2280,40,081,Lycoming,
2281,40,083,McKean,
2282,40,085,Mercer,
2283,40,087,Mifflin,
2284,40,089,Monroe,
2285,40,091,Montgomery,
2286,40,093,Montour,
2287,40,095,Northampton,
2288,40,097,Northumberland,
2289,40,099,Perry,
2290,40,101,Philadelphia,
2291,40,103,Pike,
2292,40,105,Potter,
2293,40,107,Schuylkill,
2294,40,109,Snyder,
2295,40,111,Somerset,
2296,40,113,Sullivan,
2297,40,115,Susquehanna,
2298,40,117,Tioga,
2299,40,119,Union,
2300,40,121,Venango,
2301,40,123,Warren,
2302,40,125,Washington,
2303,40,127,Wayne,
2304,40,129,Westmoreland,
2305,40,131,Wyoming,
2306,40,133,York,
2307,41,001,Bristol,
2308,41,003,Kent,
2309,41,005,Newport,
2310,41,007,Providence,
2311,41,009,Washington,
2312,42,001,Abbeville,
2313,42,003,Aiken,
2314,42,005,Allendale,
2315,42,007,Anderson,
2316,42,009,Bamberg,
2317,42,011,Barnwell,
2318,42,013,Beaufort,
2319,42,015,Berkeley,
2320,42,017,Calhoun,
2321,42,019,Charleston,
2322,42,021,Cherokee,
2323,42,023,Chester,
2324,42,025,Chesterfield,
2325,42,027,Clarendon,
2326,42,029,Colleton,
2327,42,031,Darlington,
2328,42,033,Dillon,
2329,42,035,Dorchester,
2330,42,037,Edgefield,
2331,42,039,Fairfield,
2332,42,041,Florence,
2333,42,043,Georgetown,
2334,42,045,Greenville,
2335,42,047,Greenwood,
2336,42,049,Hampton,
2337,42,051,Horry,
2338,42,053,Jasper,
2339,42,055,Kershaw,
2340,42,057,Lancaster,
2341,42,059,Laurens,
2342,42,061,Lee,
2343,42,063,Lexington,
2344,42,065,McCormick,
2345,42,067,Marion,
2346,42,069,Marlboro,
2347,42,071,Newberry,
2348,42,073,Oconee,
2349,42,075,Orangeburg,
2350,42,077,Pickens,
2351,42,079,Richland,
2352,42,081,Saluda,
2353,42,083,Spartanburg,
2354,42,085,Sumter,
2355,42,087,Union,
2356,42,089,Williamsburg,
2357,42,091,York,
2358,43,003,Aurora,
2359,43,005,Beadle,
2360,43,007,Bennett,
2361,43,009,Bon Homme,
2362,43,011,Brookings,
2363,43,013,Brown,
2364,43,015,Brule,
2365,43,017,Buffalo,
2366,43,019,Butte,
2367,43,021,Campbell,
2368,43,023,Charles Mix,
2369,43,025,Clark,
2370,43,027,Clay,
2371,43,029,Codington,
2372,43,031,Corson,
2373,43,033,Custer,
2374,43,035,Davison,
2375,43,037,Day,
2376,43,039,Deuel,
2377,43,041,Dewey,
2378,43,043,Douglas,
2379,43,045,Edmunds,
2380,43,047,Fall River,
2381,43,049,Faulk,
2382,43,051,Grant,
2383,43,053,Gregory,
2384,43,055,Haakon,
2385,43,057,Hamlin,
2386,43,059,Hand,
2387,43,061,Hanson,
2388,43,063,Harding,
2389,43,065,Hughes,
2390,43,067,Hutchinson,
2391,43,069,Hyde,
2392,43,071,Jackson,
2393,43,073,Jerauld,
2394,43,075,Jones,
2395,43,077,Kingsbury,
2396,43,079,Lake,
2397,43,081,Lawrence,
2398,43,083,Lincoln,
2399,43,085,Lyman,
2400,43,087,McCook,
2401,43,089,McPherson,
2402,43,091,Marshall,
2403,43,093,Meade,
2404,43,095,Mellette,
2405,43,097,Miner,
2406,43,099,Minnehaha,
2407,43,101,Moody,
2408,43,103,Pennington,
2409,43,105,Perkins,
2410,43,107,Potter,
2411,43,109,Roberts,
2412,43,111,Sanborn,
2413,43,113,Shannon,
2414,43,115,Spink,
2415,43,117,Stanley,
2416,43,119,Sully,
2417,43,121,Todd,
2418,43,123,Tripp,
2419,43,125,Turner,
2420,43,127,Union,
2421,43,129,Walworth,
2422,43,135,Yankton,
2423,43,137,Ziebach,
2424,44,001,Anderson,
2425,44,003,Bedford,
2426,44,005,Benton,
2427,44,007,Bledsoe,
2428,44,009,Blount,
2429,44,011,Bradley,
2430,44,013,Campbell,
2431,44,015,Cannon,
2432,44,017,Carroll,
2433,44,019,Carter,
2434,44,021,Cheatham,
2435,44,023,Chester,
2436,44,025,Claiborne,
2437,44,027,Clay,
2438,44,029,Cocke,
2439,44,031,Coffee,
2440,44,033,Crockett,
2441,44,035,Cumberland,
2442,44,037,Davidson,
2443,44,039,Decatur,
2444,44,041,DeKalb,
2445,44,043,Dickson,
2446,44,045,Dyer,
2447,44,047,Fayette,
2448,44,049,Fentress,
2449,44,051,Franklin,
2450,44,053,Gibson,
2451,44,055,Giles,
2452,44,057,Grainger,
2453,44,059,Greene,
2454,44,061,Grundy,
2455,44,063,Hamblen,
2456,44,065,Hamilton,
2457,44,067,Hancock,
2458,44,069,Hardeman,
2459,44,071,Hardin,
2460,44,073,Hawkins,
2461,44,075,Haywood,
2462,44,077,Henderson,
2463,44,079,Henry,
2464,44,081,Hickman,
2465,44,083,Houston,
2466,44,085,Humphreys,
2467,44,087,Jackson,
2468,44,089,Jefferson,
2469,44,091,Johnson,
2470,44,093,Knox,
2471,44,095,Lake,
2472,44,097,Lauderdale,
2473,44,099,Lawrence,
2474,44,101,Lewis,
2475,44,103,Lincoln,
2476,44,105,Loudon,
2477,44,107,McMinn,
2478,44,109,McNairy,
2479,44,111,Macon,
2480,44,113,Madison,
2481,44,115,Marion,
2482,44,117,Marshall,
2483,44,119,Maury,
2484,44,121,Meigs,
2485,44,123,Monroe,
2486,44,125,Montgomery,
2487,44,127,Moore,
2488,44,129,Morgan,
2489,44,131,Obion,
2490,44,133,Overton,
2491,44,135,Perry,
2492,44,137,Pickett,
2493,44,139,Polk,
2494,44,141,Putnam,
2495,44,143,Rhea,
2496,44,145,Roane,
2497,44,147,Robertson,
2498,44,149,Rutherford,
2499,44,151,Scott,
2500,44,153,Sequatchie,
2501,44,155,Sevier,
2502,44,157,Shelby,
2503,44,159,Smith,
2504,44,161,Stewart,
2505,44,163,Sullivan,
2506,44,165,Sumner,
2507,44,167,Tipton,
2508,44,169,Trousdale,
2509,44,171,Unicoi,
2510,44,173,Union,
2511,44,175,Van Buren,
2512,44,177,Warren,
2513,44,179,Washington,
2514,44,181,Wayne,
2515,44,183,Weakley,
2516,44,185,White,
2517,44,187,Williamson,
2518,44,189,Wilson,
2519,45,001,Anderson,
2520,45,003,Andrews,
2521,45,005,Angelina,
2522,45,007,Aransas,
2523,45,009,Archer,
2524,45,011,Armstrong,
2525,45,013,Atascosa,
2526,45,015,Austin,
2527,45,017,Bailey,
2528,45,019,Bandera,
2529,45,021,Bastrop,
2530,45,023,Baylor,
2531,45,025,Bee,
2532,45,027,Bell,
2533,45,029,Bexar,
2534,45,031,Blanco,
2535,45,033,Borden,
2536,45,035,Bosque,
2537,45,037,Bowie,
2538,45,039,Brazoria,
2539,45,041,Brazos,
2540,45,043,Brewster,
2541,45,045,Briscoe,
2542,45,047,Brooks,
2543,45,049,Brown,
2544,45,051,Burleson,
2545,45,053,Burnet,
2546,45,055,Caldwell,
2547,45,057,Calhoun,
2548,45,059,Callahan,
2549,45,061,Cameron,
2550,45,063,Camp,
2551,45,065,Carson,
2552,45,067,Cass,
2553,45,069,Castro,
2554,45,071,Chambers,
2555,45,073,Cherokee,
2556,45,075,Childress,
2557,45,077,Clay,
2558,45,079,Cochran,
2559,45,081,Coke,
2560,45,083,Coleman,
2561,45,085,Collin,
2562,45,087,Collingsworth,
2563,45,089,Colorado,
2564,45,091,Comal,
2565,45,093,Comanche,
2566,45,095,Concho,
2567,45,097,Cooke,
2568,45,099,Coryell,
2569,45,101,Cottle,
2570,45,103,Crane,
2571,45,105,Crockett,
2572,45,107,Crosby,
2573,45,109,Culberson,
2574,45,111,Dallam,
2575,45,113,Dallas,
2576,45,115,Dawson,
2577,45,117,Deaf Smith,
2578,45,119,Delta,
2579,45,121,Denton,
2580,45,123,DeWitt,
2581,45,125,Dickens,
2582,45,127,Dimmit,
2583,45,129,Donley,
2584,45,131,Duval,
2585,45,133,Eastland,
2586,45,135,Ector,
2587,45,137,Edwards,
2588,45,139,Ellis,
2589,45,141,El Paso,
2590,45,143,Erath,
2591,45,145,Falls,
2592,45,147,Fannin,
2593,45,149,Fayette,
2594,45,151,Fisher,
2595,45,153,Floyd,
2596,45,155,Foard,
2597,45,157,Fort Bend,
2598,45,159,Franklin,
2599,45,161,Freestone,
2600,45,163,Frio,
2601,45,165,Gaines,
2602,45,167,Galveston,
2603,45,169,Garza,
2604,45,171,Gillespie,
2605,45,173,Glasscock,
2606,45,175,Goliad,
2607,45,177,Gonzales,
2608,45,179,Gray,
2609,45,181,Grayson,
2610,45,183,Gregg,
2611,45,185,Grimes,
2612,45,187,Guadalupe,
2613,45,189,Hale,
2614,45,191,Hall,
2615,45,193,Hamilton,
2616,45,195,Hansford,
2617,45,197,Hardeman,
2618,45,199,Hardin,
2619,45,201,Harris,
2620,45,203,Harrison,
2621,45,205,Hartley,
2622,45,207,Haskell,
2623,45,209,Hays,
2624,45,211,Hemphill,
2625,45,213,Henderson,
2626,45,215,Hidalgo,
2627,45,217,Hill,
2628,45,219,Hockley,
2629,45,221,Hood,
2630,45,223,Hopkins,
2631,45,225,Houston,
2632,45,227,Howard,
2633,45,229,Hudspeth,
2634,45,231,Hunt,
2635,45,233,Hutchinson,
2636,45,235,Irion,
2637,45,237,Jack,
2638,45,239,Jackson,
2639,45,241,Jasper,
2640,45,243,Jeff Davis,
2641,45,245,Jefferson,
2642,45,247,Jim Hogg,
2643,45,249,Jim Wells,
2644,45,251,Johnson,
2645,45,253,Jones,
2646,45,255,Karnes,
2647,45,257,Kaufman,
2648,45,259,Kendall,
2649,45,261,Kenedy,
2650,45,263,Kent,
2651,45,265,Kerr,
2652,45,267,Kimble,
2653,45,269,King,
2654,45,271,Kinney,
2655,45,273,Kleberg,
2656,45,275,Knox,
2657,45,277,Lamar,
2658,45,279,Lamb,
2659,45,281,Lampasas,
2660,45,283,La Salle,
2661,45,285,Lavaca,
2662,45,287,Lee,
2663,45,289,Leon,
2664,45,291,Liberty,
2665,45,293,Limestone,
2666,45,295,Lipscomb,
2667,45,297,Live Oak,
2668,45,299,Llano,
2669,45,301,Loving,
2670,45,303,Lubbock,
2671,45,305,Lynn,
2672,45,307,McCulloch,
2673,45,309,McLennan,
2674,45,311,McMullen,
2675,45,313,Madison,
2676,45,315,Marion,
2677,45,317,Martin,
2678,45,319,Mason,
2679,45,321,Matagorda,
2680,45,323,Maverick,
2681,45,325,Medina,
2682,45,327,Menard,
2683,45,329,Midland,
2684,45,331,Milam,
2685,45,333,Mills,
2686,45,335,Mitchell,
2687,45,337,Montague,
2688,45,339,Montgomery,
2689,45,341,Moore,
2690,45,343,Morris,
2691,45,345,Motley,
2692,45,347,Nacogdoches,
2693,45,349,Navarro,
2694,45,351,Newton,
2695,45,353,Nolan,
2696,45,355,Nueces,
2697,45,357,Ochiltree,
2698,45,359,Oldham,
2699,45,361,Orange,
2700,45,363,Palo Pinto,
2701,45,365,Panola,
2702,45,367,Parker,
2703,45,369,Parmer,
2704,45,371,Pecos,
2705,45,373,Polk,
2706,45,375,Potter,
2707,45,377,Presidio,
2708,45,379,Rains,
2709,45,381,Randall,
2710,45,383,Reagan,
2711,45,385,Real,
2712,45,387,Red River,
2713,45,389,Reeves,
2714,45,391,Refugio,
2715,45,393,Roberts,
2716,45,395,Robertson,
2717,45,397,Rockwall,
2718,45,399,Runnels,
2719,45,401,Rusk,
2720,45,403,Sabine,
2721,45,405,San Augustine,
2722,45,407,San Jacinto,
2723,45,409,San Patricio,
2724,45,411,San Saba,
2725,45,413,Schleicher,
2726,45,415,Scurry,
2727,45,417,Shackelford,
2728,45,419,Shelby,
2729,45,421,Sherman,
2730,45,423,Smith,
2731,45,425,Somervell,
2732,45,427,Starr,
2733,45,429,Stephens,
2734,45,431,Sterling,
2735,45,433,Stonewall,
2736,45,435,Sutton,
2737,45,437,Swisher,
2738,45,439,Tarrant,
2739,45,441,Taylor,
2740,45,443,Terrell,
2741,45,445,Terry,
2742,45,447,Throckmorton,
2743,45,449,Titus,
2744,45,451,Tom Green,
2745,45,453,Travis,
2746,45,455,Trinity,
2747,45,457,Tyler,
2748,45,459,Upshur,
2749,45,461,Upton,
2750,45,463,Uvalde,
2751,45,465,Val Verde,
2752,45,467,Van Zandt,
2753,45,469,Victoria,
2754,45,471,Walker,
2755,45,473,Waller,
2756,45,475,Ward,
2757,45,477,Washington,
2758,45,479,Webb,
2759,45,481,Wharton,
2760,45,483,Wheeler,
2761,45,485,Wichita,
2762,45,487,Wilbarger,
2763,45,489,Willacy,
2764,45,491,Williamson,
2765,45,493,Wilson,
2766,45,495,Winkler,
2767,45,497,Wise,
2768,45,499,Wood,
2769,45,501,Yoakum,
2770,45,503,Young,
2771,45,505,Zapata,
2772,45,507,Zavala,
2773,46,001,Beaver,
2774,46,003,Box Elder,
2775,46,005,Cache,
2776,46,007,Carbon,
2777,46,009,Daggett,
2778,46,011,Davis,
2779,46,013,Duchesne,
2780,46,015,Emery,
2781,46,017,Garfield,
2782,46,019,Grand,
2783,46,021,Iron,
2784,46,023,Juab,
2785,46,025,Kane,
2786,46,027,Millard,
2787,46,029,Morgan,
2788,46,031,Piute,
2789,46,033,Rich,
2790,46,035,Salt Lake,
2791,46,037,San Juan,
2792,46,039,Sanpete,
2793,46,041,Sevier,
2794,46,043,Summit,
2795,46,045,Tooele,
2796,46,047,Uintah,
2797,46,049,Utah,
2798,46,051,Wasatch,
2799,46,053,Washington,
2800,46,055,Wayne,
2801,46,057,Weber,
2802,47,001,Accomack,
2803,47,003,Albemarle,
2804,47,005,Alleghany,
2805,47,007,Amelia,
2806,47,009,Amherst,
2807,47,011,Appomattox,
2808,47,013,Arlington,
2809,47,015,Augusta,
2810,47,017,Bath,
2811,47,019,Bedford,
2812,47,021,Bland,
2813,47,023,Botetourt,
2814,47,025,Brunswick,
2815,47,027,Buchanan,
2816,47,029,Buckingham,
2817,47,031,Campbell,
2818,47,033,Caroline,
2819,47,035,Carroll,
2820,47,036,Charles City,
2821,47,037,Charlotte,
2822,47,041,Chesterfield,
2823,47,043,Clarke,
2824,47,045,Craig,
2825,47,047,Culpeper,
2826,47,049,Cumberland,
2827,47,051,Dickenson,
2828,47,053,Dinwiddie,
2829,47,057,Essex,
2830,47,059,Fairfax,
2831,47,061,Fauquier,
2832,47,063,Floyd,
2833,47,065,Fluvanna,
2834,47,067,Franklin,
2835,47,069,Frederick,
2836,47,071,Giles,
2837,47,073,Gloucester,
2838,47,075,Goochland,
2839,47,077,Grayson,
2840,47,079,Greene,
2841,47,081,Greensville,
2842,47,083,Halifax,
2843,47,085,Hanover,
2844,47,087,Henrico,
2845,47,089,Henry,
2846,47,091,Highland,
2847,47,093,Isle of Wight,
2848,47,095,James City,
2849,47,097,King and Queen,
2850,47,099,King George,
2851,47,101,King William,
2852,47,103,Lancaster,
2853,47,105,Lee,
2854,47,107,Loudoun,
2855,47,109,Louisa,
2856,47,111,Lunenburg,
2857,47,113,Madison,
2858,47,115,Mathews,
2859,47,117,Mecklenburg,
2860,47,119,Middlesex,
2861,47,121,Montgomery,
2862,47,125,Nelson,
2863,47,127,New Kent,
2864,47,131,Northampton,
2865,47,133,Northumberland,
2866,47,135,Nottoway,
2867,47,137,Orange,
2868,47,139,Page,
2869,47,141,Patrick,
2870,47,143,Pittsylvania,
2871,47,145,Powhatan,
2872,47,147,Prince Edward,
2873,47,149,Prince George,
2874,47,153,Prince William,
2875,47,155,Pulaski,
2876,47,157,Rappahannock,
2877,47,159,Richmond,
2878,47,161,Roanoke,
2879,47,163,Rockbridge,
2880,47,165,Rockingham,
2881,47,167,Russell,
2882,47,169,Scott,
2883,47,171,Shenandoah,
2884,47,173,Smyth,
2885,47,175,Southampton,
2886,47,177,Spotsylvania,
2887,47,179,Stafford,
2888,47,181,Surry,
2889,47,183,Sussex,
2890,47,185,Tazewell,
2891,47,187,Warren,
2892,47,191,Washington,
2893,47,193,Westmoreland,
2894,47,195,Wise,
2895,47,197,Wythe,
2896,47,199,York,
2897,47,510,City of Alexandria,
2898,47,515,Bedford (city),
2899,47,520,Bristol (city),
2900,47,530,Buena Vista (city),
2901,47,540,Charlottesville (city),
2902,47,550,Chesapeake (city),
2903,47,570,Colonial Heights (city,
2904,47,580,Covington (city),
2905,47,590,Danville (city),
2906,47,595,Emporia (city),
2907,47,600,Fairfax (city),
2908,47,610,Falls Church (city),
2909,47,620,Franklin (city),
2910,47,630,Fredericksburg (city),
2911,47,640,Galax (city),
2912,47,650,Hampton (city),
2913,47,660,City of Harrisonburg,
2914,47,670,Hopewell (city),
2915,47,678,Lexington (city),
2916,47,680,Lynchburg (city),
2917,47,683,Manassas (city),
2918,47,685,Manassas Park (city),
2919,47,690,Martinsville (city),
2920,47,700,Newport News (city),
2921,47,710,Norfolk (city),
2922,47,720,Norton (city),
2923,47,730,Petersburg (city),
2924,47,735,Poquoson (city),
2925,47,740,Portsmouth (city),
2926,47,750,Radford (city),
2927,47,760,City of Richmond,
2928,47,770,Roanoke (city),
2929,47,775,Salem (city),
2930,47,790,Staunton (city),
2931,47,800,City of Suffolk,
2932,47,810,Virginia Beach (city),
2933,47,820,Waynesboro (city),
2934,47,830,Williamsburg (city),
2935,47,840,Winchester (city),
2936,48,001,Addison,
2937,48,003,Bennington,
2938,48,005,Caledonia,
2939,48,007,Chittenden,
2940,48,009,Essex,
2941,48,011,Franklin,
2942,48,013,Grand Isle,
2943,48,015,Lamoille,
2944,48,017,Orange,
2945,48,019,Orleans,
2946,48,021,Rutland,
2947,48,023,Washington,
2948,48,025,Windham,
2949,48,027,Windsor,
2950,49,001,Adams,
2951,49,003,Asotin,
2952,49,005,Benton,
2953,49,007,Chelan,
2954,49,009,Clallam,
2955,49,011,Clark,
2956,49,013,Columbia,
2957,49,015,Cowlitz,
2958,49,017,Douglas,
2959,49,019,Ferry,
2960,49,021,Franklin,
2961,49,023,Garfield,
2962,49,025,Grant,
2963,49,027,Grays Harbor,
2964,49,029,Island,
2965,49,031,Jefferson,
2966,49,033,King,
2967,49,035,Kitsap,
2968,49,037,Kittitas,
2969,49,039,Klickitat,
2970,49,041,Lewis,
2971,49,043,Lincoln,
2972,49,045,Mason,
2973,49,047,Okanogan,
2974,49,049,Pacific,
2975,49,051,Pend Oreille,
2976,49,053,Pierce,
2977,49,055,San Juan,
2978,49,057,Skagit,
2979,49,059,Skamania,
2980,49,061,Snohomish,
2981,49,063,Spokane,
2982,49,065,Stevens,
2983,49,067,Thurston,
2984,49,069,Wahkiakum,
2985,49,071,Walla Walla,
2986,49,073,Whatcom,
2987,49,075,Whitman,
2988,49,077,Yakima,
2989,50,001,Adams,
2990,50,003,Ashland,
2991,50,005,Barron,
2992,50,007,Bayfield,
2993,50,009,Brown,
2994,50,011,Buffalo,
2995,50,013,Burnett,
2996,50,015,Calumet,
2997,50,017,Chippewa,
2998,50,019,Clark,
2999,50,021,Columbia,
3000,50,023,Crawford,
3001,50,025,Dane,
3002,50,027,Dodge,
3003,50,029,Door,
3004,50,031,Douglas,
3005,50,033,Dunn,
3006,50,035,Eau Claire,
3007,50,037,Florence,
3008,50,039,Fond du Lac,
3009,50,041,Forest,
3010,50,043,Grant,
3011,50,045,Green,
3012,50,047,Green Lake,
3013,50,049,Iowa,
3014,50,051,Iron,
3015,50,053,Jackson,
3016,50,055,Jefferson,
3017,50,057,Juneau,
3018,50,059,Kenosha,
3019,50,061,Kewaunee,
3020,50,063,La Crosse,
3021,50,065,Lafayette,
3022,50,067,Langlade,
3023,50,069,Lincoln,
3024,50,071,Manitowoc,
3025,50,073,Marathon,
3026,50,075,Marinette,
3027,50,077,Marquette,
3028,50,078,Menominee,
3029,50,079,Milwaukee,
3030,50,081,Monroe,
3031,50,083,Oconto,
3032,50,085,Oneida,
3033,50,087,Outagamie,
3034,50,089,Ozaukee,
3035,50,091,Pepin,
3036,50,093,Pierce,
3037,50,095,Polk,
3038,50,097,Portage,
3039,50,099,Price,
3040,50,101,Racine,
3041,50,103,Richland,
3042,50,105,Rock,
3043,50,107,Rusk,
3044,50,109,St. Croix,
3045,50,111,Sauk,
3046,50,113,Sawyer,
3047,50,115,Shawano,
3048,50,117,Sheboygan,
3049,50,119,Taylor,
3050,50,121,Trempealeau,
3051,50,123,Vernon,
3052,50,125,Vilas,
3053,50,127,Walworth,
3054,50,129,Washburn,
3055,50,131,Washington,
3056,50,133,Waukesha,
3057,50,135,Waupaca,
3058,50,137,Waushara,
3059,50,139,Winnebago,
3060,50,141,Wood,
3061,51,001,Barbour,
3062,51,003,Berkeley,
3063,51,005,Boone,
3064,51,007,Braxton,
3065,51,009,Brooke,
3066,51,011,Cabell,
3067,51,013,Calhoun,
3068,51,015,Clay,
3069,51,017,Doddridge,
3070,51,019,Fayette,
3071,51,021,Gilmer,
3072,51,023,Grant,
3073,51,025,Greenbrier,
3074,51,027,Hampshire,
3075,51,029,Hancock,
3076,51,031,Hardy,
3077,51,033,Harrison,
3078,51,035,Jackson,
3079,51,037,Jefferson,
3080,51,039,Kanawha,
3081,51,041,Lewis,
3082,51,043,Lincoln,
3083,51,045,Logan,
3084,51,047,McDowell,
3085,51,049,Marion,
3086,51,051,Marshall,
3087,51,053,Mason,
3088,51,055,Mercer,
3089,51,057,Mineral,
3090,51,059,Mingo,
3091,51,061,Monongalia,
3092,51,063,Monroe,
3093,51,065,Morgan,
3094,51,067,Nicholas,
3095,51,069,Ohio,
3096,51,071,Pendleton,
3097,51,073,Pleasants,
3098,51,075,Pocahontas,
3099,51,077,Preston,
3100,51,079,Putnam,
3101,51,081,Raleigh,
3102,51,083,Randolph,
3103,51,085,Ritchie,
3104,51,087,Roane,
3105,51,089,Summers,
3106,51,091,Taylor,
3107,51,093,Tucker,
3108,51,095,Tyler,
3109,51,097,Upshur,
3110,51,099,Wayne,
3111,51,101,Webster,
3112,51,103,Wetzel,
3113,51,105,Wirt,
3114,51,107,Wood,
3115,51,109,Wyoming,
3116,52,001,Albany,
3117,52,003,Big Horn,
3118,52,005,Campbell,
3119,52,007,Carbon,
3120,52,009,Converse,
3121,52,011,Crook,
3122,52,013,Fremont,
3123,52,015,Goshen,
3124,52,017,Hot Springs,
3125,52,019,Johnson,
3126,52,021,Laramie,
3127,52,023,Lincoln,
3128,52,025,Natrona,
3129,52,027,Niobrara,
3130,52,029,Park,
3131,52,031,Platte,
3132,52,033,Sheridan,
3133,52,035,Sublette,
3134,52,037,Sweetwater,
3135,52,039,Teton,
3136,52,041,Uinta,
3137,52,043,Washakie,
3138,52,045,Weston,
